"","id","claim","ranked_articles"
"0","0","The economic impact of Atlanta's 2000 Super Bowl was $292 million.","( 0.8512435603887636: http://nflcommunications.com/2010/06/23/south-florida-super-bowl-host-committee-releases-economic-impact-study/ )( 0.4733824021865818: http://www.sportingnews.com/nfl/list/2017-super-bowl-51-li-atlanta-falcons-season-highlights/6lqhtnqztffd13re32usc1b4e )( 0.47141663099114584: http://www.sportingnews.com/nfl/news/super-bowl-51-atlanta-bar-closing-hours-kasim-reed-executive-order-falcons-patriots/yjcs7w5u4typ1g5ze110uwu6o )( 0.38485103477071847: https://www.upi.com/Top_News/Voices/2019/02/01/Soul-of-Atlanta-Super-Bowl-symbolizes-tensions-of-progress-past/5771549026103/ )( 0.34306781622715365: http://www.topix.com/atlanta/2017/01/listen-to-goldyards-atlanta-falcons-super-bowl-anthem-naomi?fromrss=1 )( 0.27370645905612556: http://www.topix.com/atlanta/2017/01/atlanta-city-council-to-vote-on-lighting-the-beltline?fromrss=1 )( 0.22796453090328261: https://www.nj.com/sports/2019/02/nj-already-knows-what-atlanta-will-find-out-a-super-bowl-isnt-worth-what-you-think.html )( 0.22730612967512032: https://www.upi.com/Sports_News/Photos/Patriots-Rams-prep-for-Super-Bowl-in-Atlanta/fp/11900/ )( 0.22641446501952545: https://www.nj.com/sports/2019/01/super-bowl-2019-caught-in-polar-vortex-how-cold-is-it-in-atlanta-whats-the-forecast-for-super-bowl-53.html )( 0.17333037015242092: http://www.ocregister.com/articles/super-742958-bowl-props.html )( 0.04056885255393672: http://www.sportingnews.com/nfl/news/video-atlanta-falcons-fans-team-bus-super-bowl-51/j41l9s8w5o8c11q9a0bqy7jjh )( 0.04056885255393661: http://www.sportingnews.com/au/nfl/news/video-atlanta-falcons-fans-team-bus-super-bowl-51/loztamkce3s214um3t36umpc9 )( 0.038097833091672695: https://www.nola.com/saints/2019/01/atlanta-mayors-super-bowl-wish-anybody-other-than-the-saints.html )( 0.03693361139324336: http://www.sportingnews.com/other-sports/news/eugenie-bouchard-twitter-super-bowl-bet-fan-new-england-patriots-atlanta-falcons/1xbkjiv0whw4i1tp3qc7ydy463 )( 0.024521976708179127: https://www.nj.com/giants/2019/01/super-bowl-2019-saints-fans-still-bitter-in-face-of-enthusiastic-atlanta-volunteers-super-bowl-53.html )( 0.022897066754577033: http://www.sportingnews.com/nfl/news/michael-vick-atlanta-falcons-super-bowl-career-retirement/10se206h495xl1ct67lmvhh7bp )( 0.022897066754576922: http://www.sportingnews.com/au/nfl/news/michael-vick-atlanta-falcons-super-bowl-career-retirement/1f5pknn4dir5b10rjk6xv4g38m )( 0.022552243314674647: http://www.sportingnews.com/nfl/news/super-bowl-51-patriots-comeback-falcons-choke-collapse-atlanta-sports-history-braves-world-series/phfqgeig1q3t14rzu6ndhtvgb )( 0.022552243314674536: http://www.sportingnews.com/au/nfl/news/super-bowl-51-patriots-comeback-falcons-choke-collapse-atlanta-sports-history-braves-world-series/1kohfhc4vj7nozexyfo9s70u7 )( 0.022035658744573028: http://www.topix.com/atlanta/2017/04/atlanta-super-bowl-date-announced-super-bowl-liii-will-be-held-on?fromrss=1 )( 0.021674320215042786: http://www.sportingnews.com/au/other-sports/news/atlanta-falcons-capitalise-on-green-bay-packers-mistakes-to-advance-to-super-bowl-nfl/48msdau76oxh1j294mflqum7x )( 0.019704215542375225: http://www.upi.com/https:/www.upi.com/Sports_News/NFL/2017/09/19/Matt-Ryan-Atlanta-Falcons-have-taken-Alka-Seltzer-for-Super-Bowl-hangover/2571505803527/?src=rss )( 0.019704215542375114: https://www.upi.com/Sports_News/NFL/2017/09/19/Matt-Ryan-Atlanta-Falcons-have-taken-Alka-Seltzer-for-Super-Bowl-hangover/2571505803527/?src=rss )( 0.01885567627047835: http://www.sportingnews.com/nfl/news/poll-most-americans-want-patriots-lose-super-bowl-51-atlanta-falcons/hnnaqdrqbo0tzuh0c8b8lb2d )( 0.017068248540688225: http://www.sportingnews.com/au/other-sports/news/watch-gronk-releases-post-super-bowl-celebration-video-with-the-rock-nfl-national-football-league-new-england-patriots-atlanta-falcons-super-bowl-51-/5sbr58u4ibv11fhygll77dxq )( 0.01694302882032883: http://www.sportingnews.com/au/other-sports/news/watch-gronk-releases-post-super-bowl-celebration-video-with-the-rock-nfl-national-football-league-new-england-patriots-atlanta-falcons-super-bowl-51-/sb6mmd8smtue12xcz3hxi1pru )( 0.01617188173791695: http://www.topix.com/atlanta/2017/04/trending-now-atlanta-super-bowl-date-announced?fromrss=1 )( 0.016108557399326928: http://www.sportingnews.com/au/other-sports/news/tom-brady-missing-jersey-super-bowl-51-texas-rangers-dan-patrick-nfl-national-football-league-super-bowl-new-england-partriots-atlanta-falcons/of0o3vl87s7o12d177kqjg4j3 )( 0.014916260770646339: http://www.sportingnews.com/nfl/news/atlanta-faclons-media-day-2017-super-bowl-kyle-shanahan/1o99pk7p134fc1x2zfi6dzsooh )( 0.014861932156957192: http://www.sportingnews.com/nfl/news/devonta-freeman-atlanta-falcons-super-bowl-51-news/mzxbfsqkfe0f13k05zsrejqve )"
"1","1","Swabbing ticks with liquid soap is a recommended and effective method for removing them.","( 0.6529861586826123: https://www.bustle.com/p/the-5-best-hypoallergenic-laundry-detergents-8987852 )( 0.5177273026373048: http://www.cdc.gov/ticks/removing_a_tick.html )( 0.4947942489211994: https://www.bustle.com/p/how-to-avoid-ticks-while-hiking-without-wearing-like-10-layers-of-clothing-15954013 )( 0.4469784364656173: https://www.elitedaily.com/p/25-genius-inventions-that-will-make-cleaning-oddly-fun-6337441 )( 0.4197176268069325: https://www.bustle.com/p/the-9-best-toners-for-acne-prone-skin-64601 )( 0.41109014884673956: https://www.elitedaily.com/p/42-awesome-discoveries-on-amazon-that-are-under-25-19274720 )( 0.3843825729986434: http://arcweb.sos.state.or.us/pages/rules/oars_300/oar_331/331_915.html )( 0.3770577102512347: https://www.upi.com/Science_News/2018/07/26/Coral-ticks-suck-the-life-out-of-degraded-coral/8951532632593/ )( 0.33942038536177166: https://www.bustle.com/p/the-6-best-oatmeal-shampoos-for-dogs-18811183 )( 0.33022343676890875: https://www.bustle.com/p/the-47-best-shark-tank-products-under-25-on-amazon-12798997 )( 0.32030319968084364: https://www.bustle.com/p/the-6-best-soap-dispensers-18210215 )( 0.31026988421312807: http://www.businessinsider.com/best-dish-soap )( 0.28745792292047956: https://www.elitedaily.com/p/41-awesome-discoveries-on-amazon-that-are-under-25-19342393 )( 0.28123689544779107: https://www.bustle.com/p/the-6-best-laundry-detergents-for-grease-18758444 )( 0.2773751471931478: https://www.bustle.com/p/the-6-best-kitchen-soap-dispensers-18209197 )( 0.2709188006310119: https://www.bustle.com/p/the-46-best-shark-tank-products-under-25-on-amazon-16999173 )( 0.267844366709294: https://www.poison.org/poison-prevention-by-substances )( 0.26674817227078573: https://www.poison.org/the-poison-post )( 0.25581759129665893: http://www.health.ny.gov/regulations/nycrr/title_10/part_14/subpart_14-1.htm#s20 )( 0.1789887917342371: http://www.businessinsider.com/best-detergent )( 0.14059484445024506: https://www.elitedaily.com/p/38-clever-things-on-amazon-youve-never-tried-before-17911779 )( 0.1288067052379781: https://www.bustle.com/p/the-4-best-automatic-soap-dispensers-18186728 )( 0.11482383932964557: http://www.businessinsider.com/best-hand-soap?op=1 )( 0.11482383932964435: http://www.businessinsider.com/best-hand-soap?utm_source=feedburner&amp%3Butm_medium=referral&utm_medium=feed&utm_campaign=Feed%3A+businessinsider+%28Business+Insider%29 )( 0.11055901339987773: https://www.elitedaily.com/p/36-shockingly-effective-beauty-products-under-5-on-amazon-8313472 )( 0.03626423938962908: http://www.businessinsider.com/best-rubber-gloves?op=1 )( 0.03626423938962797: http://www.businessinsider.com/best-rubber-gloves )( 0.03513469566239935: http://www.businessinsider.com/best-scrubbing-brush?op=1 )( 0.03513469566239791: http://www.businessinsider.com/best-scrubbing-brush )"
"2","2","""Senator McCain voted against the Bush tax cuts. Now he's for them.""","( 0.6495893172047277: http://thecaucus.blogs.nytimes.com/2008/01/28/romney-links-mccain-to-democrats-even-kerry/ )( 0.6421036116552332: https://www.bustle.com/p/sen-john-mccain-has-died-at-81-after-a-battle-with-brain-cancer-7621373 )( 0.6215716756992677: http://thecaucus.blogs.nytimes.com/2008/08/15/mccain-in-colorado/ )( 0.577918471324525: https://www.bustle.com/p/9-john-mccain-quotes-that-highlight-his-lifelong-dedication-to-his-country-10238089 )( 0.5662815160542626: http://time.com/3941214/jeb-bush-tax-returns/ )( 0.29807759475379436: http://transcripts.cnn.com/TRANSCRIPTS/0805/08/sitroom.01.html )( 0.2950037555612679: http://transcripts.cnn.com/TRANSCRIPTS/1207/08/sotu.01.html )( 0.29223797645139094: http://www.businessinsider.com/john-mccain-critics-reactions-tax-bill-cuts-deficit-regular-order-2017-12 )( 0.2875436314467017: http://abcnews.go.com/ThisWeek/week-transcript-mccain/story?id=11083929&page=4 )( 0.2875436314467015: http://abcnews.go.com/ThisWeek/week-transcript-mccain/story?id=11083929&page=3 )( 0.28214369684843965: http://www.msnbc.msn.com/id/27388251/ )( 0.27868680494317655: http://www.foxnews.com/on-air/fox-news-sunday/2012/08/12/john-mccain-debbie-wasserman-schultz-react-paul-ryan-joining-gop-ticket?page=5 )( 0.27343725018312437: http://www.foxnews.com/on-air/fox-news-sunday/print/136 )( 0.24201213760838258: http://www.cbsnews.com/stories/2008/10/08/politics/2008debates/main4508405.shtml )( 0.2418625525275222: https://www.nytimes.com/2018/08/25/obituaries/john-mccain-dead.html )( 0.2416021348055869: http://www.cnn.com/2008/POLITICS/01/31/dem.debate.transcript/index.html )( 0.23536867265717865: http://www.cnn.com/2008/POLITICS/01/30/GOPdebate.transcript/ )( 0.23316444423535498: http://elections.nytimes.com/2008/president/debates/transcripts/vice-presidential-debate.html )( 0.2248012586436573: http://www.cfr.org/publication/14142/republican_debate_transcript_new_hampshire.html?breadcrumb=%2Fpublication%2Fby_type%2Fessential_document )( 0.21435833617858313: http://www.msnbc.msn.com/id/18478985/page/15/ )( 0.20662771776103717: http://www.msnbc.msn.com/id/48765568/ns/meet_the_press-transcripts/t/august-bush-mccain-murphy-todd-brewer-wasserman-schultz/#.UDpomMFlSGk )( 0.1592949150381091: http://abcnews.go.com/print?id=4091645 )( 0.0015406571369500632: http://politicalticker.blogs.cnn.com/2008/05/05/mccain-touts-gang-of-14-immigration-reform/ )"
"3","3","""(McCain) said he was opposed to overturning Roe v. Wade. Now he's for overturning Roe v. Wade.""","( 0.9506760280843668: http://www.nrlc.org/news/1999/NRL999/mccain.html )( 0.43372062758545926: https://www.christianexaminer.com/article/overturning-roe-v-wade-is-the-wrong-goal-for-pro-life-movement-care-net-ceo-warns/52832.htm )( 0.3797107452348859: https://www.bustle.com/p/mike-pences-comments-on-brett-kavanaugh-roe-v-wade-makes-the-vps-views-crystal-clear-9722574 )( 0.24289517609344813: https://www.bustle.com/p/brett-kavanaughs-roe-v-wade-comments-from-2006-are-super-vague-9721358 )( 0.234972784074154: https://www.bustle.com/p/trump-wont-ask-scotus-picks-about-roe-v-wade-just-yet-heres-why-9645611 )( 0.22386645527085158: https://www.bustle.com/p/the-alabama-abortion-ban-is-intended-to-overturn-roe-v-wade-according-to-the-lt-governor-17865277 )( 0.2082082764582076: https://www.nationalrighttolifenews.org/category/roe-v-wade/ )( 0.15498215101887913: https://www.elitedaily.com/p/which-states-might-ban-abortion-if-roe-v-wade-is-overturned-theres-a-lot-9657474 )( 0.15419184650657825: http://www.theatlantic.com/magazine/archive/2006/06/the-day-after-roe/304882/ )( 0.12082773356586052: https://www.bustle.com/p/what-happens-if-roe-v-wade-is-overturned-anthony-kennedys-retirement-raises-the-possibility-9608943 )( 0.11766800242799258: https://www.elitedaily.com/p/what-does-alabamas-new-abortion-law-mean-for-roe-v-wade-theres-a-purpose-to-this-17890198 )( 0.10617782075286564: https://www.bustle.com/p/how-many-states-would-ban-abortion-if-roe-v-wade-were-overturned-it-could-very-well-happen-9722670 )( 0.10574010733155381: https://www.elitedaily.com/p/ruth-bader-ginsburgs-stance-on-roe-v-wade-is-not-what-youd-expect-9762870 )( 0.10038678548346558: https://www.mic.com/p/200-republicans-urge-the-supreme-court-to-reconsider-roe-v-wade-19741554 )( 0.09558746472705038: https://www.bustle.com/p/chelsea-handler-naral-want-you-to-stand-with-them-to-protect-roe-v-wade-video-10134656 )( 0.0898387157957854: https://www.elitedaily.com/p/what-happens-if-roe-v-wade-is-overturned-states-could-protect-rights-9613631 )( 0.08719549513156122: https://www.upi.com/Top_News/US/2020/01/03/More-than-200-lawmakers-urge-Supreme-Court-to-reconsider-Roe-vs-Wade/7891578037576/ )( 0.07758678691675791: https://www.bustle.com/p/the-supreme-courts-abortion-rights-record-shows-how-it-could-quietly-topple-roe-v-wade-9649931 )( 0.07592535747666007: https://www.mynews13.com/fl/orlando/ap-top-news/2019/05/26/would-overturning-abortion-rights-turn-back-clock-to-1973 )( 0.07374155923610604: https://www.bustle.com/p/this-roe-v-wade-movie-by-sofia-vergaras-ex-has-led-to-crew-members-reportedly-quitting-during-filming-9665568 )( 0.07371566103870308: https://www.bustle.com/p/a-supreme-court-dissent-has-people-worried-about-roe-v-wade-17871083 )( 0.07290200440700711: https://www.nola.com/opinions/2019/01/what-it-looks-like-if-roe-v-wade-is-repealed.html )( 0.06381177339411781: https://www.bustle.com/p/abortion-ama-can-i-still-get-abortion-if-roe-v-wade-is-overturned-9614971 )( 0.05414763023775926: https://www.elitedaily.com/p/tomi-lahrens-comments-about-overturning-roe-v-wade-have-me-pleasantly-surprised-9694047 )( 0.04150683679738132: https://www.bustle.com/p/the-rise-up-for-roe-tour-brings-the-battle-over-trumps-scotus-pick-to-your-city-9927714 )( 0.04130880637227008: https://www.bustle.com/p/lawmakers-asked-scotus-to-reconsider-roe-v-wade-in-amicus-brief-19742465 )( 0.03953297725957816: https://politics.blog.myajc.com/blog/politics/the-jolt-david-perdue-opts-out-call-repeal-roe-wade/8rAPII8RYcV3AfeLLD6glM/ )( 0.03953297725957772: https://politics.blog.ajc.com/blog/politics/the-jolt-david-perdue-opts-out-call-repeal-roe-wade/8rAPII8RYcV3AfeLLD6glM/ )( 0.021971573756547458: https://www.people-press.org/2019/08/29/u-s-public-continues-to-favor-legal-abortion-oppose-overturning-roe-v-wade )( 0.018706249181481893: https://www.upi.com/Top_News/Voices/2018/10/09/Kavanaugh-is-a-threat-to-Roe-vs-Wade-but-not-the-only-one/3911539090558/ )"
"4","4","""When I was mayor of New York City, I encouraged adoptions. Adoptions went up 65-70 percent. Abortions went down 16 percent.""","( 0.97841078207791: http://www.factcheck.org/elections-2008/republican_candidates_debate.html )( 0.9137182902611184: http://www.topix.com/world/netherlands/2016/12/why-have-international-adoptions-become-so-agonizing-0?fromrss=1 )( 0.6768961771747416: http://www.topix.com/city/savannah-ga/2017/02/this-weeks-pet-adoptions-in-savannah?fromrss=1 )( 0.47441989537105345: http://www.topix.com/city/savannah-ga/2017/01/pet-adoptions-for-january-19?fromrss=1 )( 0.3526055865965537: http://www.topix.com/city/savannah-ga/2017/01/pet-adoptions-for-1-12?fromrss=1 )( 0.2076136681563855: http://www.businessinsider.com/trump-putin-g20-adoptions-dinner-melania-2017-7 )( 0.18442013207028007: https://www.mynews13.com/fl/orlando/ap-top-news/2019/03/14/foreign-adoptions-to-us-fall-by-14-percent-continuing-trend )( 0.16792552565775287: http://www.businessinsider.com/ap-foreign-adoptions-to-us-families-continue-their-long-decline-2017-4 )( 0.14707429347743706: https://www.bustle.com/p/i-got-abortion-in-one-of-the-most-restrictive-states-this-is-what-i-went-through-15870247 )( 0.13637698118635078: http://www.msnbc.msn.com/id/18478985/page/15/ )( 0.11887076383752959: http://www.topix.com/state/nh/2017/06/new-hampshire-cat-clause-would-allow-feline-adoptions?fromrss=1 )( 0.10721684252519248: https://www.upi.com/Top_News/US/2018/03/03/Army-botched-hundreds-of-adoptions-for-military-dogs-report-finds/5281520116742/ )( 0.10610903351834344: https://www.mynews13.com/fl/orlando/ap-top-news/2019/03/13/appeals-court-hears-case-on-adoptions-of-native-americans )( 0.10290972947218724: https://www.pbs.org/newshour/politics/kansas-oklahoma-approve-religious-veto-on-lgbt-adoptions )( 0.06164130569598958: http://www.businessinsider.com/ap-ethiopias-lawmakers-approve-ban-on-foreign-adoptions-2018-1 )( 0.05755696631912954: http://www.topix.com/city/lake-charles-la/2017/01/killeen-animal-services-offering-free-pet-adoptions?fromrss=1 )( 0.05586499646804677: http://www.topix.com/state/nj/2016/12/parents-face-deadline-to-shield-new-jersey-adoptions?fromrss=1 )( 0.043465774043344396: http://www.topix.com/city/conway-ar/2017/06/conway-tractor-supply-to-host-pet-adoptions?fromrss=1 )( 0.03525347912917387: http://www.buzzfeed.com/andrewkaczynski/mitt-romney-didnt-oppose-gay-adoptions-as-governo )( 0.022510220232024647: http://www.topix.com/business/construction/2017/03/pet-adoptions-saturday-at-orange-tractor-supply?fromrss=1 )( 0.002821657908136821: https://www.ltgov.state.tx.us/adoptions/ )( -0.004728164345409347: http://www.topix.com/city/tupelo-ms/2017/02/local-adoption-agency-soon-to-offer-adoptions-from-china?fromrss=1 )( -0.005494791653293252: https://www.brookings.edu/on-the-record/in-response-to-sanctions-russia-aims-to-bar-u-s-adoptions-of-russian-children/ )( -0.03577030165538542: http://www.topix.com/state/nh/2017/06/new-hampshire-cat-clause-would-allow-feline-adoptions-1?fromrss=1 )( -0.048342495815125286: http://www.topix.com/city/martinsburg-wv/2016/12/humane-society-sees-increase-in-pet-adoptions?fromrss=1 )( -0.05228386835374055: http://www.topix.com/city/las-cruces-nm/2017/04/action-programs-for-animal-adoptions-donationa?fromrss=1 )( -0.05668566920996798: http://www.topix.com/city/savannah-ga/2017/01/chatham-county-animal-shelter-to-reopen-wednesday-free-adoptions-extended?fromrss=1 )( -0.12099686815251576: http://www.topix.com/state/az/2017/03/arizona-gfd-accepting-applications-for-desert-tortoise-adoptions?fromrss=1 )( -0.31808123276778844: http://www.topix.com/state/ok/2016/12/dhs-attorneys-may-speed-up-adoptions?fromrss=1 )"
"5","5","English ""is our national language...if it becomes official, that means in a place like New York City you can't print ballots in any other language.""","( 0.6156543036067075: https://www.timesofisrael.com/liveblog_entry/zehut-claims-its-ballots-are-being-hidden-at-givatayim-polling-station/ )( 0.5737604675676687: https://www.bustle.com/p/this-new-york-hospitals-voting-program-makes-sure-women-in-labor-get-to-cast-their-ballots-13095373 )( 0.5533463712825775: https://www.timesofisrael.com/liveblog_entry/election-czar-says-tally-of-regular-ballots-complete-official-results-being-updated-at-slower-pace/ )( 0.5347454061310883: https://www.timesofisrael.com/liveblog_entry/828205-ballots-counted-likud-slightly-ahead-with-29/ )( 0.5332481960140715: http://news.yahoo.com/s/yblog_upshot/20100929/el_yblog_upshot/marco-rubio-defends-spanish-ad-support-for-english-as-official-language )( 0.528104880199156: https://www.bustle.com/p/i-cant-travel-like-a-local-even-if-i-speak-the-language-thats-ok-17300514 )( 0.494343477511346: https://www.timesofisrael.com/liveblog_entry/senior-plo-official-condemns-evil-anti-semitism-after-california-synagogue-attack/ )( 0.4738867516069394: https://www.timesofisrael.com/god-stars-in-new-english-language-performances-at-jerusalems-khan-theater/ )( 0.42455670611320895: https://www.timesofisrael.com/palm-tree-becomes-first-official-ultra-orthodox-town-in-america/ )( 0.40765643333273494: https://www.timesofisrael.com/netanyahu-accuses-blue-and-white-of-vandalizing-ballots-provides-no-proof/ )( 0.4057901648511233: https://www.elitedaily.com/p/hillary-clinton-said-stacey-abrams-would-have-already-won-georgia-in-a-fair-election-13140513 )( 0.3840430890241716: https://www.timesofisrael.com/algorithm-can-sum-up-texts-in-any-language/ )( 0.32942097806454873: https://www.timesofisrael.com/belgian-sign-language-center-defends-hooked-nose-gesture-for-jew/ )( 0.32553717801050075: https://www.timesofisrael.com/trump-4-democratic-congresswomen-love-al-qaeda-use-anti-semitic-language/ )( 0.2816948390460532: https://www.timesofisrael.com/israeli-diplomats-threaten-to-withhold-absentee-ballots-over-tax-row/ )( 0.28038588446983903: https://www.timesofisrael.com/in-new-york-israeli-fm-talks-civilian-cooperation-with-an-arab-counterpart/ )( 0.24498308389826873: http://abcnews.go.com/print?id=4670271 )( 0.240177528079484: https://www.timesofisrael.com/erdogans-party-to-demand-total-recount-of-istanbul-ballots/ )( 0.22738980757237004: https://www.timesofisrael.com/hebrew-language-academy-approves-1400-new-words/ )( 0.22187497588266125: https://www.timesofisrael.com/liveblog_entry/diplomats-union-holds-up-absentee-ballots-over-spat-with-finance-ministry/ )( 0.20627461167897732: https://www.timesofisrael.com/likud-minister-links-new-york-times-to-nazis-over-netanyahu-cartoon/ )( 0.20573477384327776: https://www.timesofisrael.com/judge-overturns-ban-on-unvaccinated-minors-in-new-york-county/ )( 0.1796608462550049: https://www.timesofisrael.com/corbyn-says-new-mp-accused-of-anti-semitism-is-not-a-racist-in-any-way/ )( 0.14980933179114275: https://www.mynews13.com/fl/orlando/news/2019/05/13/spanish-language-ballots-florida )( 0.14932984441361152: https://www.timesofisrael.com/shofar-that-survived-auschwitz-shown-in-new-york-exhibit/ )( 0.13870428112056676: https://www.timesofisrael.com/gantz-puts-out-russian-language-new-years-poster-reportedly-angering-liberman/ )( 0.030593677159112542: https://www.timesofisrael.com/belgian-university-posts-hooked-nose-gesture-for-jew-in-sign-language-video/ )( 0.021868404266072172: https://www.timesofisrael.com/liveblog_entry/belgian-university-posts-hooked-nose-gesture-for-jew-in-sign-language-video/ )( 0.014756845789574258: https://www.timesofisrael.com/liveblog_entry/embassy-in-belgium-condemns-sign-language-video-with-hooked-nose-gesture-for-jew/ )"
"6","6","""I'm for a three-state political solution in Iraq. (Romney) is not.""","( 0.8283834542517006: http://www.mittromney.com/news/press/2011/10/romney-president-obamas-decision-withdraw-troops-iraq )( 0.6921114072361527: http://www.foxnews.com/politics/2011/12/17/romney-cautions-on-iraq-withdrawal-on-fox-news-sunday/#ixzz2A5JXXsrT )( 0.44016674074073747: https://www.timesofisrael.com/liveblog_entry/in-jab-at-us-plan-abbas-says-political-solution-must-precede-economic-projects/ )( 0.4364002824753537: http://www.topix.com/world/yemen/2017/04/yemen-war-needs-a-political-solution-us-defense-secretary?fromrss=1 )( 0.43518012109164017: http://www.topix.com/state/ks/2016/12/transfer-delay-not-a-solution?fromrss=1 )( 0.42086961766977593: http://thehill.com/leading-the-news/romney-supports-secret-iraq-timetable-2007-04-04.html )( 0.4156686366842075: http://www.topix.com/state/ks/2017/03/is-sam-brownback-about-to-get-a-political-bailout-from-donald-trump?fromrss=1 )( 0.4051328165386232: http://www.topix.com/state/ma/2017/03/battenfeld-time-for-romney-redux?fromrss=1 )( 0.3851036294358896: http://www.topix.com/state/ma/2017/04/comprehensive-analytics-solution-launched-for-school-districts?fromrss=1 )( 0.37566899103509344: http://www.topix.com/world/cyprus/2017/01/political-equality-a-must-for-solution-says-turkish-cypriot-leader?fromrss=1 )( 0.3507962395656584: http://www.cfr.org/publication/14761/candidates_on_iraq.html?breadcrumb=%2Fcampaign2008%2Ftrackers )( 0.32669023482228576: http://www.american.com/archive/2012/october/the-romney-tax-plan-not-a-tax-hike-on-the-middle-class/article_print )( 0.2873876520494958: http://www.nationaljournal.com/issues/obama-vs-romney-government-regulations-graphic-20120823 )( 0.2694941499699789: http://www.foxnews.com/on-air/fox-news-sunday-chris-wallace/2014/08/10/president-obama-doing-too-little-or-too-much-iraq )( 0.26529971853547074: http://politicalticker.blogs.cnn.com/category/mitt-romney/ )( 0.25732366604748347: http://politicalticker.blogs.cnn.com/2014/09/30/will-mitt-romney-take-the-plunge-again/ )( 0.2471692876024757: http://www.msnbc.msn.com/id/48959273/ns/meet_the_press-transcripts/t/september-mitt-romney-ann-romney-julian-castro-peggy-noonan-ej-dionne-bill-bennett-chuck-todd/#.UE9J5VF1f_I )( 0.24716928760247558: http://www.msnbc.msn.com/id/48959273/ns/meet_the_press-transcripts/t/september-mitt-romney-ann-romney-julian-castro-peggy-noonan-ej-dionne-bill-bennett-chuck-todd/#.UHyAKGl27L4 )( 0.22575097106048614: http://transcripts.cnn.com/TRANSCRIPTS/0710/28/le.01.html )( 0.22042881215409915: http://www.cfr.org/publication/14142/republican_debate_transcript_new_hampsh )( 0.2204288121540986: http://www.cfr.org/publication/14142/republican_debate_transcript_new_hampshire.html?breadcrumb=%2Fpublication%2Fby_type%2Fessential_document )( 0.2183984217274315: http://www.msnbc.msn.com/id/18478985/page/15/ )( 0.2076942033805217: http://www.topix.com/world/philippines/2017/03/thanks-for-the-tractors-but-a-political-problem-requires-a-political-solution-jaafar?fromrss=1 )( 0.2041975418628409: http://www.presidency.ucsb.edu/ws/index.php?pid=75171 )( 0.20150136311898548: http://transcripts.cnn.com/TRANSCRIPTS/0706/05/se.01.html )( 0.1916388111345514: http://www.businessinsider.com/ap-opportunity-in-utah-mitt-romney-eyes-political-resurgence-2018-1 )( 0.190512157134186: http://politicalticker.blogs.cnn.com/2007/06/29/romney-is-in-petas-doghouse/ )( 0.17324454053926663: http://www.rockymountainnews.com/news/2008/feb/02/romney-tells-denver-crowd-he-can-salvage-economy/ )"
"7","7","""In 1972, we had a 179,000 human beings in jail in this country. Today, it's 2.3-million, and 70 percent of them are black, African-American.""","( 0.7173298144786621: http://www.factcheck.org/elections-2008/democratic_debate_part_3.html )( 0.6385732728833545: https://www.dallasnews.com/arts/books/2017/06/13/karan-mahajan-writing-aboutterrorists-human-beings )( 0.638547362140365: http://www.topix.com/world/greece/2017/06/what-we-owe-our-fellow-human-beings?fromrss=1 )( 0.5749190176468836: https://www.newrepublic.com/latest )( 0.574919017646867: https://blogs.tnr.com/latest )( 0.5749190176468081: https://www.tnr.com/latest )( 0.5749190176467424: https://newrepublic.com/latest )( 0.5411397153538327: https://www.elitedaily.com/news/black-musician-explains-befriends-kkk-members-human-beings/2058210 )( 0.4979253506478698: https://www.radio.cz/en/section/curraffrs/forty-percent-of-czechs-own-dogs-and-many-allow-them-in-bed )( 0.4853446506784913: http://www.businessinsider.com/ap-african-american-unemployment-hit-record-low-in-december-2018-1 )( 0.39357777873410793: http://www.rfksafilm.org/html/media/magazines/look.php )( 0.3918419122766059: https://www.hillaryclinton.com/speeches/remarks-columbia-university-criminal-justice-and-mass-incarceration/ )( 0.3420780912768: http://www.cnn.com/TRANSCRIPTS/1608/24/acd.02.html )( 0.3261360786951857: https://www.mic.com/p/rapper-common-says-alabama-abortion-law-takes-away-peoples-rights-as-human-beings-while-discussing-new-memoir-17900782 )( 0.3153143292482943: http://www.cnn.com/TRANSCRIPTS/1904/22/se.04.html )( 0.3153143292482934: http://transcripts.cnn.com/TRANSCRIPTS/1904/22/se.04.html )( 0.30665136628252176: https://www.timesofisrael.com/lebanese-pm-gave-over-16-million-to-south-african-model-report/ )( 0.3041629653373257: https://www.bustle.com/p/how-young-black-girls-were-hypersexualized-in-america-how-that-enables-predators-15727529 )( 0.28382069531757725: http://www.aljazeera.com/indepth/features/2017/02/history-american-lynchings-170228114659211.html )( 0.2725702199121304: http://www.forbes.com/sites/theapothecary/2013/10/30/no-david-axelrod-the-vast-majority-of-people-in-this-country-are-not-keeping-their-plan/ )( 0.26719712128576945: https://www.bustle.com/p/the-stories-of-black-women-in-the-military-need-to-be-told-in-books-16990781 )( 0.2647376083952576: https://www.mic.com/p/how-the-first-step-act-got-people-out-of-prison-back-with-their-families-19629720 )( 0.26394984444490843: https://www.mic.com/p/how-the-first-step-act-got-people-out-of-prison-back-with-their-families-19629720 )( 0.263949844444907: https://mic.com/p/how-the-first-step-act-got-people-out-of-prison-back-with-their-families-19629720 )( 0.2598141873961455: https://adst.org/african-american-ambassadors/ )( 0.25490866632044074: http://www.cnn.com/TRANSCRIPTS/1905/21/se.01.html )( 0.2540446314679976: https://www.rescue.org/country/central-african-republic )( 0.20262247306834946: https://cis.org/Report/Courting-Disaster )( 0.09952086063874843: https://www.mysterious-times.com/2019/11/20/vatican-secrets-the-manuscript-that-confirms-that-human-beings-have-supernatural-powers/ )( 0.09167239917699721: https://www.bustle.com/p/what-to-know-about-mike-gravel-the-88-year-old-who-isnt-running-for-president-to-win-17021473 )"
"8","8","""The $2.3-billion budget deficit I inherited when I came into office became a $2.9-billion surplus.""","( 0.6220956918145307: http://www.nydailynews.com/opinions/2007/08/06/2007-08-06_rudys_real_tax_record.html )( 0.5447873993954518: http://www.radio.cz/en/section/business/state-budget-sees-first-surplus-in-over-two-decades )( 0.5374216133212306: http://www.nyc.gov/html/records/rwg/html/bio.html )( 0.5067497567144448: http://www.joinrudy2008.com/article/pr/900 )( 0.47277838278433215: http://www.businessinsider.com/ap-december-us-budget-deficit-shrinks-to-232-billion-2018-1 )( 0.4584575686285295: http://www.jsonline.com/news/statepolitics/wisconsin-state-budget-shortfall-projected-at-nearly-18-billion-b99345660z1-274364501.html )( 0.43848215420542536: https://www.timesofisrael.com/finance-ministry-proposes-budget-cuts-to-counter-burgeoning-deficit/ )( 0.4102241956593795: http://www.heritage.org/research/reports/2013/01/fiscal-cliff-deal-added-47-billion-in-spending )( 0.407104801720914: http://www.businessinsider.com/ap-cbo-federal-budget-deficit-rises-to-668-billion-2017-10 )( 0.38023718350801294: https://www.timesofisrael.com/state-budget-deficit-soars-to-nis-14-billion-in-june/ )( 0.3769749193674161: http://www.scottwalker.org/blog/2012/05/budget-surplus-shows-reforms-making-giant-strides-towards-prosperity )( 0.36237611327476826: http://www.taxpolicycenter.org/taxtopics/encyclopedia/Budget-Process-federal.cfm )( 0.31989687120584887: https://www.mynews13.com/fl/orlando/ap-top-news/2019/05/10/us-government-records-1603-billion-april-surplus )( 0.30794224661429626: http://www.mynews13.com/fl/orlando/ap-online/2018/05/10/us-government-ran-a-2143-billion-surplus-in-april.html )( 0.2829015080414461: https://www.radio.cz/en/section/news/state-budget-for-2018-ended-with-surplus-of-29-billion-crowns )( 0.281468170168397: http://www.mynews13.com/fl/orlando/ap-top-news/2018/07/12/us-budget-deficit-totals-749-billion-in-june.html )( 0.272675674368245: http://www.radio.cz/en/section/news/czech-republics-2017-budget-ends-with-62-billion-crown-deficit )( 0.27169071977976555: https://www.mynews13.com/fl/orlando/ap-top-news/2019/09/12/us-budget-deficit-for-11-months-up-169-billion-over-2018 )( 0.26872263899554016: http://www.heritage.org/research/reports/2010/06/the-three-biggest-myths-about-tax-cuts-and-the-budget-deficit )( 0.26872263899553994: http://www.heritage.org/Research/Reports/2010/06/The-Three-Biggest-Myths-About-Tax-Cuts-and-the-Budget-Deficit )( 0.2630301942552724: http://www.wisconsinbudgetproject.org/of-a-surplus-of-nearly-1-billion-not-a-dime-is-going-to-the-rainy-day-fund#sthash.PNi1X8Vc.dpuf )( 0.2270375355561577: http://www.factcheck.org/2008/02/the-budget-and-deficit-under-clinton/ )( 0.1715411663993217: https://www.mynews13.com/fl/orlando/ap-online/2019/06/12/may-budget-deficit-hits-record-2078-billion )( 0.1588827143126882: http://www.radio.cz/en/section/business/big-budget-surplus-turns-into-big-headache )( 0.12279807996740177: http://www.twincities.com/politics/ci_24927132/wisconsin-budget-surplus-expected-top-1-billion )( 0.09306760390950553: https://www.radio.cz/en/section/news/fiscal-year-2019-ends-with-285-billion-crown-deficit )( 0.0758373062619152: https://www.radio.cz/en/section/news/finance-minister-expecting-30-billion-crown-deficit-in-2019 )( 0.06839132590976382: http://www.crfb.org/blogs/treasury-2018-deficit-was-779-billion )( 0.01510714084521636: https://www.timesofisrael.com/liveblog_entry/budget-deficit-climbs-to-nis-14-billion/ )"
"9","9","""The president is brain-dead.""","( 0.7532048879726302: http://www.ndtv.com/mumbai-news/brain-dead-mans-family-helps-save-4-lives-by-donating-his-organs-1727157 )( 0.7340341183010485: https://www.radio.cz/en/section/news/commissioner-jourova-rejects-macron-assertion-nato-is-brain-dead )( 0.7247144344137003: http://thesource.com/2017/12/28/cat-scan-reveals-erica-garner-suffered-major-brain-damage-and-is-now-brain-dead/ )( 0.7246774507135672: https://www.aljazeera.com/news/2019/11/macrons-nato-brain-dead-comment-wake-up-call-191128184420151.html )( 0.6288148888317246: https://www.upi.com/Top_News/US/2019/11/14/Jimmy-Carter-up-and-walking-after-brain-procedure-pastor-says/5871573729870/ )( 0.6206179707346487: https://www.timesofisrael.com/erdogan-attacks-macron-as-brain-dead-after-french-leaders-syria-criticism/ )( 0.5960514728146582: https://www.upi.com/Top_News/US/2019/12/18/Doctor-says-Joe-Biden-in-good-health-fit-to-serve-as-president/4971576689466/ )( 0.5584902753891232: http://www.topix.com/nyc/2017/06/jet-skier-brain-dead-after-wreck-near-statue-of-liberty?fromrss=1 )( 0.4386695472067066: http://thecaucus.blogs.nytimes.com/2007/07/04/biden-talks-tough/ )( 0.36634730365869705: https://timesofindia.indiatimes.com/world/europe/nasty-two-faced-brain-dead-nato-pulls-off-summit-despite-insults/articleshow/72372667.cms )( 0.23944888870823533: http://www.ndtv.com/world-news/vice-president-joe-biden-to-president-elect-trump-grow-up-1645776 )( 0.06936811127640818: http://www.ndtv.com/world-news/joe-biden-says-would-have-liked-to-be-the-us-president-who-ended-cancer-1669049 )( 0.057481272742858636: https://www.elitedaily.com/p/this-video-of-joe-biden-seemingly-shading-donald-trump-at-john-mccains-funeral-is-a-lot-11460463 )( 0.055868815544820816: https://www.bustle.com/p/joe-biden-announces-hes-running-for-president-in-2020-15648630 )( 0.054078885214838945: http://ia.realtimepolitics.com/2018/03/06/joe-biden-confirmed-president/ )( 0.045043956071694646: https://www.elitedaily.com/p/joe-biden-on-2016-election-i-have-a-regret-that-im-not-president-3261305 )( 0.04228084956284783: https://www.elitedaily.com/p/this-selfie-of-barack-obama-joe-biden-to-welcome-the-vp-back-to-instagram-is-so-good-11848683 )( 0.0396937323512252: https://www.elitedaily.com/p/this-video-of-joe-biden-comforting-meghan-mccain-about-her-dads-cancer-is-so-emotional-7583461 )( 0.027089043682459346: http://www.tampabay.com/news/education/college/vice-president-joe-biden-touts-college-affordability-plan-in-tallahassee/1214200 )( 0.02691535727932426: https://www.elitedaily.com/p/barack-obama-wished-joe-biden-happy-birthday-with-the-perfect-meme-5518884 )( 0.02522369580213546: https://www.elitedaily.com/p/joe-bidens-message-about-john-mccains-death-said-the-senator-put-country-first-10240860 )( 0.02469643839221436: http://www.businessinsider.com/joe-biden-photos-bio-accomplishments-2020-contender-vp-senator-2017-11 )( 0.024214614883853347: https://www.elitedaily.com/news/politics/joe-biden-sweetest-message-julia-louis-dreyfus-cancer-diagnosis/2084013 )( 0.022794554699806402: https://www.elitedaily.com/p/will-joe-biden-run-for-president-he-still-wont-rule-it-out-3004822 )( 0.022429453600254168: https://www.elitedaily.com/p/this-video-of-joe-biden-crying-at-john-mccains-funeral-is-so-meaningful-11451910 )( 0.010551001636946777: http://www.charismanews.com/politics/issues/62390-vice-president-joe-biden-awarded-presidential-medal-of-freedom )( 0.010080451915737476: https://www.timesofisrael.com/startup-nation-sees-brain-drain-as-national-priorities-sidelined/ )( -0.007873512661123128: http://thesource.com/2019/04/24/former-vice-president-joe-biden-to-announce-2020-campaign-on-thursday/ )( -0.012374944268116028: http://thesource.com/2019/04/25/former-vice-president-joe-biden-to-announce-2020-campaign-on-thursday/ )( -0.02165909381787201: https://www.upi.com/Top_News/US/2019/11/14/Biden-introduces-13-trillion-infrastructure-plan/7621573745378/ )"
